"0","summary(model)[[4]][,4]"
"1","(Intercept) "
"1","   Type1Out "
"1","   Type2S18 "
"1","    Type2S8 "
"1","   Type3918 "
"1","  Type31800 "
"1","        TRX "
"1","
"
"1","0.079409247 "
"1","0.006233117 "
"1","0.795570307 "
"1","0.777908894 "
"1","0.074080359 "
"1","0.114291376 "
"1","0.001719758 "
"1","
"
